{"model":"1","dig_0_1_0":"0","dig_0_3_3":"0","dig_0_0_4":"0","dig_0_2_6":"0","dig_0_1_9":"0","dig_1_1_1":"0","dig_1_0_3":"0","dig_1_3_4":"0","dig_1_2_7":"0","dig_1_3_9":"0","dig_2_0_2":"0","dig_2_3_5":"0","dig_2_1_10":"0","dig_2_2_11":"0","dig_2_3_12":"0","dig_3_0_1":"0","dig_3_2_4":"0","dig_3_1_5":"0","dig_3_3_6":"0","dig_3_1_12":"0","dig_4_0_0":"0","dig_4_3_6":"0","dig_4_3_7":"0","dig_4_1_8":"0","dig_5_0_2":"0","dig_5_1_2":"0","dig_5_2_3":"0","dig_5_3_5":"0","dig_5_3_8":"0","dig_5_3_12":"0","dig_6_2_0":"0","dig_6_0_3":"0","dig_6_3_4":"0","dig_6_1_6":"0","dig_6_2_9":"0","dig_7_2_1":"0","dig_7_3_3":"0","dig_7_0_4":"0","dig_7_1_7":"0","dig_7_0_9":"0","dig_8_3_2":"0","dig_8_0_5":"0","dig_8_2_10":"0","dig_8_1_11":"0","dig_8_0_12":"0","dig_9_3_1":"0","dig_9_1_4":"0","dig_9_2_5":"0","dig_9_0_6":"0","dig_9_2_12":"0","dig_10_3_0":"0","dig_10_0_6":"0","dig_10_0_7":"0","dig_10_2_8":"0","dig_11_2_2":"0","dig_11_3_2":"0","dig_11_1_3":"0","dig_11_0_5":"0","dig_11_0_8":"0","dig_11_0_12":"0","DValues":"[[[false,true,false,false],[false,false,false,false],[false,false,false,false],[false,false,false,true],[true,false,false,false],[false,false,false,false],[false,false,true,false],[false,false,false,false],[false,false,false,false],[false,true,false,false],[false,false,false,false],[false,false,false,false],[false,false,false,false]],[[false,false,false,false],[false,true,false,false],[false,false,false,false],[true,false,false,false],[false,false,false,true],[false,false,false,false],[false,false,false,false],[false,false,true,false],[false,false,false,false],[false,false,false,true],[false,false,false,false],[false,false,false,false],[false,false,false,false]],[[false,false,false,false],[false,false,false,false],[true,false,false,false],[false,false,false,false],[false,false,false,false],[false,false,false,true],[false,false,false,false],[false,false,false,false],[false,false,false,false],[false,false,false,false],[false,true,false,false],[false,false,true,false],[false,false,false,true]],[[false,false,false,false],[true,false,false,false],[false,false,false,false],[false,false,false,false],[false,false,true,false],[false,true,false,false],[false,false,false,true],[false,false,false,false],[false,false,false,false],[false,false,false,false],[false,false,false,false],[false,false,false,false],[false,true,false,false]],[[true,false,false,false],[false,false,false,false],[false,false,false,false],[false,false,false,false],[false,false,false,false],[false,false,false,false],[false,false,false,true],[false,false,false,true],[false,true,false,false],[false,false,false,false],[false,false,false,false],[false,false,false,false],[false,false,false,false]],[[false,false,false,false],[false,false,false,false],[true,true,false,false],[false,false,true,false],[false,false,false,false],[false,false,false,true],[false,false,false,false],[false,false,false,false],[false,false,false,true],[false,false,false,false],[false,false,false,false],[false,false,false,false],[false,false,false,true]],[[false,false,true,false],[false,false,false,false],[false,false,false,false],[true,false,false,false],[false,false,false,true],[false,false,false,false],[false,true,false,false],[false,false,false,false],[false,false,false,false],[false,false,true,false],[false,false,false,false],[false,false,false,false],[false,false,false,false]],[[false,false,false,false],[false,false,true,false],[false,false,false,false],[false,false,false,true],[true,false,false,false],[false,false,false,false],[false,false,false,false],[false,true,false,false],[false,false,false,false],[true,false,false,false],[false,false,false,false],[false,false,false,false],[false,false,false,false]],[[false,false,false,false],[false,false,false,false],[false,false,false,true],[false,false,false,false],[false,false,false,false],[true,false,false,false],[false,false,false,false],[false,false,false,false],[false,false,false,false],[false,false,false,false],[false,false,true,false],[false,true,false,false],[true,false,false,false]],[[false,false,false,false],[false,false,false,true],[false,false,false,false],[false,false,false,false],[false,true,false,false],[false,false,true,false],[true,false,false,false],[false,false,false,false],[false,false,false,false],[false,false,false,false],[false,false,false,false],[false,false,false,false],[false,false,true,false]],[[false,false,false,true],[false,false,false,false],[false,false,false,false],[false,false,false,false],[false,false,false,false],[false,false,false,false],[true,false,false,false],[true,false,false,false],[false,false,true,false],[false,false,false,false],[false,false,false,false],[false,false,false,false],[false,false,false,false]],[[false,false,false,false],[false,false,false,false],[false,false,true,true],[false,true,false,false],[false,false,false,false],[true,false,false,false],[false,false,false,false],[false,false,false,false],[true,false,false,false],[false,false,false,false],[false,false,false,false],[false,false,false,false],[true,false,false,false]]]","submit":"Save custom settings"}